{"rating": 0.007053528635846071, "genres": 0.030693279570882873, "rated": 0.0048195248051318695, "language": 0.17061759280128425, "title": 0.0, "country": 0.09390848395029261, "filming_locations": 0.0064537399320597644, "imdb_id": 0.0, "directors": 0.004271387607498173, "writers": 0.00660954204686188, "actors": 0.6600602906558883, "year": 0.007067456332839358, "type": 0.008445173661415152, "id": 0.0}