{"rating": 0.004394344164811222, "genres": 0.03386777537138717, "rated": 0.006209618037707543, "language": 0.11390096598740307, "title": 0.0, "country": 0.07247938429676974, "directors": 0.004997025344182516, "imdb_id": 0.0, "filming_locations": 0.0034994728683067117, "writers": 0.011085205436150701, "actors": 0.7380554165227747, "year": 0.004419748475131986, "type": 0.007091043495374873, "id": 0.0}