{"rating": 0.007415544358233155, "genres": 0.03215278915665221, "rated": 0.005062245807573093, "language": 0.17793533128672137, "title": 0.0, "country": 0.09938309089234253, "filming_locations": 0.0070671555470995726, "imdb_id": 0.0, "directors": 0.0044292023665480395, "writers": 0.005998992437136466, "actors": 0.6443313370625673, "year": 0.0074185988328672415, "type": 0.008805712252262411, "id": 0.0}