{"rating": 0.004501841026752493, "genres": 0.019414147316712742, "rated": 0.003085464463033916, "language": 0.10892144000581974, "title": 9.077511331372552e-05, "country": 0.06050058531113744, "filming_locations": 0.004419832722090659, "imdb_id": 9.075297317437995e-05, "directors": 0.00304089057474971, "writers": 0.2125534971102743, "actors": 0.41906258320747264, "year": 0.004505288649250935, "type": 0.005366507465715086, "id": 0.0, "rating_count": 0.1544463940605028}