{"rating": 0.007426670173986012, "genres": 0.031964497354337686, "rated": 0.005078686640684329, "language": 0.1795529208398672, "title": 0.0, "country": 0.09958162344512297, "directors": 0.003990384983843409, "imdb_id": 0.0, "filming_locations": 0.007111136551356804, "writers": 0.0055704510575024435, "actors": 0.6434518373375012, "year": 0.007433545406522354, "type": 0.008838246209275123, "id": 0.0}