{"rating": 0.004492497613849016, "genres": 0.019485419902799186, "rated": 0.0031013611897739166, "language": 0.10834704795131386, "title": 0.00010094498430676416, "country": 0.06052092479532718, "filming_locations": 0.0043475214717381945, "imdb_id": 0.00010091995613120186, "directors": 0.0032193056211618104, "writers": 0.2120872139336384, "actors": 0.4214923198703796, "year": 0.004496905346619723, "type": 0.005339613242169878, "id": 0.0, "rating_count": 0.1528680041207919}